Deskripsi_Kasus;Respon_Hukum;Hukuman_Penjara;Denda;Penjelasan_pasal
Melakukan sentuhan paksa pada area intim tanpa persetujuan korban;Pasal 6 UU TPKS;Maksimal 4 tahun;Rp50 juta;tindakan seksual yang dilakukan tanpa persetujuan, seperti sentuhan paksa, pemaksaan, dan pelecehan.
Memberikan ciuman tanpa persetujuan dengan unsur pemaksaan;Pasal 6 UU TPKS;Maksimal 4 tahun;Rp50 juta;tindakan seksual yang dilakukan tanpa persetujuan, seperti sentuhan paksa, pemaksaan, dan pelecehan.
Melakukan rabaian pada bagian tubuh tertentu secara paksa tanpa persetujuan.;Pasal 6 UU TPKS;Maksimal 4 tahun;Rp50 juta;tindakan seksual yang dilakukan tanpa persetujuan, seperti sentuhan paksa, pemaksaan, dan pelecehan.
Memberikan pelukan dengan unsur pemaksaan dan niat seksual tanpa persetujuan.;Pasal 6 UU TPKS;Maksimal 4 tahun;Rp50 juta;tindakan seksual yang dilakukan tanpa persetujuan, seperti sentuhan paksa, pemaksaan, dan pelecehan.
Melakukan tindakan menjambak disertai ancaman seksual tanpa persetujuan.;Pasal 6 UU TPKS;Maksimal 4 tahun;Rp50 juta;tindakan seksual yang dilakukan tanpa persetujuan, seperti sentuhan paksa, pemaksaan, dan pelecehan.
Melakukan kontak fisik pada bagian dada dengan pemaksaan tanpa persetujuan.;Pasal 6 UU TPKS;Maksimal 4 tahun;Rp50 juta;tindakan seksual yang dilakukan tanpa persetujuan, seperti sentuhan paksa, pemaksaan, dan pelecehan.
Melakukan gosokan tubuh secara paksa dengan niat pelecehan seksual tanpa persetujuan.;Pasal 6 UU TPKS;Maksimal 4 tahun;Rp50 juta;tindakan seksual yang dilakukan tanpa persetujuan, seperti sentuhan paksa, pemaksaan, dan pelecehan.
Melakukan penjepitan tubuh tanpa persetujuan dengan sentuhan tidak senonoh.;Pasal 6 UU TPKS;Maksimal 4 tahun;Rp50 juta;tindakan seksual yang dilakukan tanpa persetujuan, seperti sentuhan paksa, pemaksaan, dan pelecehan.
Melakukan sentuhan berulang pada paha tanpa persetujuan korban.;Pasal 6 UU TPKS;Maksimal 4 tahun;Rp50 juta;tindakan seksual yang dilakukan tanpa persetujuan, seperti sentuhan paksa, pemaksaan, dan pelecehan.
Dipaksa melakukan kontak fisik pada area intim tanpa persetujuan.;Pasal 6 UU TPKS;Maksimal 4 tahun;Rp50 juta;tindakan seksual yang dilakukan tanpa persetujuan, seperti sentuhan paksa, pemaksaan, dan pelecehan.
Memaksa hubungan seksual dengan ancaman pemecatan terhadap bawahan;Pasal 7 UU TPKS;Maksimal 12 tahun;Rp300 juta;pemaksaan hubungan seksual dengan ancaman, termasuk eksploitasi dalam hubungan atasan-bawahan dan pemerasan seksual
Eksploitasi hubungan atasan-bawahan untuk pemaksaan seksual;Pasal 7 UU TPKS;Maksimal 12 tahun;Rp300 juta;pemaksaan hubungan seksual dengan ancaman, termasuk eksploitasi dalam hubungan atasan-bawahan dan pemerasan seksual
Pemerasan seksual dengan ancaman merusak reputasi bawahan oleh atasan;Pasal 7 UU TPKS;Maksimal 12 tahun;Rp300 juta;pemaksaan hubungan seksual dengan ancaman, termasuk eksploitasi dalam hubungan atasan-bawahan dan pemerasan seksual
Pemaksaan hubungan seksual dengan ancaman pengucilan sosial terhadap bawahan;Pasal 7 UU TPKS;Maksimal 12 tahun;Rp300 juta;pemaksaan hubungan seksual dengan ancaman, termasuk eksploitasi dalam hubungan atasan-bawahan dan pemerasan seksual
Manipulasi kebutuhan ekonomi bawahan untuk memaksa tindakan seksual oleh atasan;Pasal 7 UU TPKS;Maksimal 12 tahun;Rp300 juta;pemaksaan hubungan seksual dengan ancaman, termasuk eksploitasi dalam hubungan atasan-bawahan dan pemerasan seksual
Penyalahgunaan wewenang oleh atasan dalam lembaga pendidikan untuk memaksa hubungan seksual;Pasal 7 UU TPKS;Maksimal 12 tahun;Rp300 juta;pemaksaan hubungan seksual dengan ancaman, termasuk eksploitasi dalam hubungan atasan-bawahan dan pemerasan seksual
Pemaksaan hubungan seksual dengan ancaman pembatalan beasiswa oleh atasan;Pasal 7 UU TPKS;Maksimal 12 tahun;Rp300 juta;pemaksaan hubungan seksual dengan ancaman, termasuk eksploitasi dalam hubungan atasan-bawahan dan pemerasan seksual
Eksploitasi ketergantungan finansial bawahan oleh atasan untuk pemaksaan seksual;Pasal 7 UU TPKS;Maksimal 12 tahun;Rp300 juta;pemaksaan hubungan seksual dengan ancaman, termasuk eksploitasi dalam hubungan atasan-bawahan dan pemerasan seksual
Pemerasan seksual oleh atasan dengan ancaman menyebarkan rahasia pribadi bawahan;Pasal 7 UU TPKS;Maksimal 12 tahun;Rp300 juta;pemaksaan hubungan seksual dengan ancaman, termasuk eksploitasi dalam hubungan atasan-bawahan dan pemerasan seksual
Penyalahgunaan posisi konselor/atasan untuk pemaksaan seksual pada bawahan;Pasal 7 UU TPKS;Maksimal 12 tahun;Rp300 juta;pemaksaan hubungan seksual dengan ancaman, termasuk eksploitasi dalam hubungan atasan-bawahan dan pemerasan seksual
Memaksa pasangan untuk menggunakan alat kontrasepsi hormonal yang menyebabkan gangguan pada kesehatan reproduksi, seperti siklus menstruasi berkepanjangan.;Pasal 8 UU TPKS;Maksimal 20 tahun;Rp50 juta;Berfokus pada pemaksaan penggunaan alat kontrasepsi dan manipulasi terkait kesehatan reproduksi tanpa persetujuan.
Memasang IUD tanpa persetujuan yang menyebabkan komplikasi medis;Pasal 8 UU TPKS;Maksimal 20 tahun;Rp50 juta;Berfokus pada pemaksaan penggunaan alat kontrasepsi dan manipulasi terkait kesehatan reproduksi tanpa persetujuan.
Memaksa konsumsi pil KB dosis tinggi hingga mengakibatkan amenore;Pasal 8 UU TPKS;Maksimal 20 tahun;Rp50 juta;Berfokus pada pemaksaan penggunaan alat kontrasepsi dan manipulasi terkait kesehatan reproduksi tanpa persetujuan.
Menyuntikkan kontrasepsi tanpa izin yang mengakibatkan gangguan hormonal;Pasal 8 UU TPKS;Maksimal 20 tahun;Rp50 juta;Berfokus pada pemaksaan penggunaan alat kontrasepsi dan manipulasi terkait kesehatan reproduksi tanpa persetujuan.
Memaksa penggunaan implan kontrasepsi hingga menyebabkan efek samping berat;Pasal 8 UU TPKS;Maksimal 20 tahun;Rp50 juta;Berfokus pada pemaksaan penggunaan alat kontrasepsi dan manipulasi terkait kesehatan reproduksi tanpa persetujuan.
Mengancam akan melakukan kekerasan jika tidak menggunakan alat kontrasepsi tertentu;Pasal 8 UU TPKS;Maksimal 20 tahun;Rp50 juta;Berfokus pada pemaksaan penggunaan alat kontrasepsi dan manipulasi terkait kesehatan reproduksi tanpa persetujuan.
Memaksa sterilisasi sementara melalui metode kontrasepsi tertentu;Pasal 8 UU TPKS;Maksimal 20 tahun;Rp50 juta;Berfokus pada pemaksaan penggunaan alat kontrasepsi dan manipulasi terkait kesehatan reproduksi tanpa persetujuan.
Memanipulasi informasi tentang alat kontrasepsi untuk pemaksaan penggunaan;Pasal 8 UU TPKS;Maksimal 20 tahun;Rp50 juta;Berfokus pada pemaksaan penggunaan alat kontrasepsi dan manipulasi terkait kesehatan reproduksi tanpa persetujuan.
Menggunakan kedok pengobatan untuk memasang alat kontrasepsi tanpa persetujuan;Pasal 8 UU TPKS;Maksimal 20 tahun;Rp50 juta;Berfokus pada pemaksaan penggunaan alat kontrasepsi dan manipulasi terkait kesehatan reproduksi tanpa persetujuan.
Memaksa penggunaan alat kontrasepsi melalui tekanan psikologis yang mengakibatkan gangguan reproduksi;Pasal 8 UU TPKS;Maksimal 20 tahun;Rp50 juta;Berfokus pada pemaksaan penggunaan alat kontrasepsi dan manipulasi terkait kesehatan reproduksi tanpa persetujuan.
Memaksa korban melakukan hubungan seksual untuk mendapatkan pekerjaan;Pasal 9 UU TPKS;Maksimal 15 tahun;Rp1 miliar;Mengatur eksploitasi seksual dalam konteks pekerjaan, seperti pemaksaan hubungan seksual untuk mendapatkan pekerjaan atau nilai akademik.
Eksploitasi seksual terhadap pekerja migran dengan ancaman deportasi yang memanfaatkan ketergantungan mereka pada pekerjaan.;Pasal 9 UU TPKS;Maksimal 15 tahun;Rp1 miliar;Mengatur eksploitasi seksual dalam konteks pekerjaan, seperti pemaksaan hubungan seksual untuk mendapatkan pekerjaan atau nilai akademik.
Memaksa siswa atau mahasiswa melakukan hubungan seksual sebagai imbalan untuk mendapatkan nilai akademik;Pasal 9 UU TPKS;Maksimal 15 tahun;Rp1 miliar;Mengatur eksploitasi seksual dalam konteks pekerjaan, seperti pemaksaan hubungan seksual untuk mendapatkan pekerjaan atau nilai akademik.
Eksploitasi seksual dalam industri hiburan dengan iming-iming karir yang menarik namun berbahaya;Pasal 9 UU TPKS;Maksimal 15 tahun;Rp1 miliar;Mengatur eksploitasi seksual dalam konteks pekerjaan, seperti pemaksaan hubungan seksual untuk mendapatkan pekerjaan atau nilai akademik.
Perdagangan orang untuk tujuan eksploitasi seksual, seringkali dengan janji pekerjaan yang tidak sesuai;Pasal 9 UU TPKS;Maksimal 15 tahun;Rp1 miliar;Mengatur eksploitasi seksual dalam konteks pekerjaan, seperti pemaksaan hubungan seksual untuk mendapatkan pekerjaan atau nilai akademik.
Memaksa korban untuk menjadi pelacur dengan ancaman, sering kali terkait dengan ancaman kehilangan pekerjaan;Pasal 9 UU TPKS;Maksimal 15 tahun;Rp1 miliar;Mengatur eksploitasi seksual dalam konteks pekerjaan, seperti pemaksaan hubungan seksual untuk mendapatkan pekerjaan atau nilai akademik.
Eksploitasi seksual terhadap penyandang disabilitas dengan memanfaatkan ketidakberdayaan mereka dalam mencari pekerjaan;Pasal 9 UU TPKS;Maksimal 15 tahun;Rp1 miliar;Mengatur eksploitasi seksual dalam konteks pekerjaan, seperti pemaksaan hubungan seksual untuk mendapatkan pekerjaan atau nilai akademik.
Pemerasan seksual terhadap korban dengan ancaman merusak karir mereka jika tidak memenuhi tuntutan;Pasal 9 UU TPKS;Maksimal 15 tahun;Rp1 miliar;Mengatur eksploitasi seksual dalam konteks pekerjaan, seperti pemaksaan hubungan seksual untuk mendapatkan pekerjaan atau nilai akademik.
Eksploitasi seksual dalam praktik perdagangan manusia yang sering kali melibatkan janji pekerjaan yang menyesatkan;Pasal 9 UU TPKS;Maksimal 15 tahun;Rp1 miliar;Mengatur eksploitasi seksual dalam konteks pekerjaan, seperti pemaksaan hubungan seksual untuk mendapatkan pekerjaan atau nilai akademik.
Eksploitasi seksual untuk melunasi utang korban, sering kali dengan mengaitkan dengan pekerjaan yang tidak layak;Pasal 9 UU TPKS;Maksimal 15 tahun;Rp1 miliar;Mengatur eksploitasi seksual dalam konteks pekerjaan, seperti pemaksaan hubungan seksual untuk mendapatkan pekerjaan atau nilai akademik.
Memaksa anak perempuan di bawah umur untuk menikah dengan alasan tradisi yang tidak sesuai;Pasal 10 UU TPKS;Maksimal 9 tahun;Rp200 juta;Menyangkut pernikahan paksa, terutama terhadap anak di bawah umur, dengan ancaman atau manipulasi.
Mengancam akan mengusir anak dari keluarga jika tidak setuju untuk menikah paksa;Pasal 10 UU TPKS;Maksimal 9 tahun;Rp200 juta;Menyangkut pernikahan paksa, terutama terhadap anak di bawah umur, dengan ancaman atau manipulasi.
Memaksa korban kekerasan seksual untuk menikah dengan pelakunya sebagai solusi yang tidak adil.;Pasal 10 UU TPKS;Maksimal 9 tahun;Rp200 juta;Menyangkut pernikahan paksa, terutama terhadap anak di bawah umur, dengan ancaman atau manipulasi.
Menikahkan anak di bawah umur untuk menutupi kehamilan tidak diinginkan yang diakibatkan oleh pelecehan.;Pasal 10 UU TPKS;Maksimal 9 tahun;Rp200 juta;Menyangkut pernikahan paksa, terutama terhadap anak di bawah umur, dengan ancaman atau manipulasi.
Memaksa perkawinan dengan ancaman kekerasan fisik terhadap anak di bawah umur.;Pasal 10 UU TPKS;Maksimal 9 tahun;Rp200 juta;Menyangkut pernikahan paksa, terutama terhadap anak di bawah umur, dengan ancaman atau manipulasi.
Memanipulasi dokumen untuk memfasilitasi pernikahan anak di bawah umur secara ilegal.;Pasal 10 UU TPKS;Maksimal 9 tahun;Rp200 juta;Menyangkut pernikahan paksa, terutama terhadap anak di bawah umur, dengan ancaman atau manipulasi.
Memperdagangkan anak perempuan untuk dinikahkan secara paksa tanpa persetujuan.;Pasal 10 UU TPKS;Maksimal 9 tahun;Rp200 juta;Menyangkut pernikahan paksa, terutama terhadap anak di bawah umur, dengan ancaman atau manipulasi.
Menggunakan dalih agama untuk memaksa pernikahan dini pada anak di bawah umur.;Pasal 10 UU TPKS;Maksimal 9 tahun;Rp200 juta;Menyangkut pernikahan paksa, terutama terhadap anak di bawah umur, dengan ancaman atau manipulasi.
Memaksa perkawinan sebagai bentuk perdamaian antar keluarga yang merugikan anak.;Pasal 10 UU TPKS;Maksimal 9 tahun;Rp200 juta;Menyangkut pernikahan paksa, terutama terhadap anak di bawah umur, dengan ancaman atau manipulasi.
Mengancam dengan sanksi sosial jika anak menolak pernikahan paksa.;Pasal 10 UU TPKS;Maksimal 9 tahun;Rp200 juta;Menyangkut pernikahan paksa, terutama terhadap anak di bawah umur, dengan ancaman atau manipulasi.
Pejabat meminta hubungan seksual sebagai syarat pengurusan dokumen resmi;Pasal 11 UU TPKS;Maksimal 12 tahun;Rp300 juta;Mengatur tindakan pelecehan seksual oleh pejabat publik atau penegak hukum dalam konteks pengurusan dokumen resmi.
Petugas penegak hukum melakukan pelecehan seksual saat pemeriksaan;Pasal 11 UU TPKS;Maksimal 12 tahun;Rp300 juta;Mengatur tindakan pelecehan seksual oleh pejabat publik atau penegak hukum dalam konteks pengurusan dokumen resmi.
Pejabat melakukan pemerasan seksual dengan ancaman penahanan;Pasal 11 UU TPKS;Maksimal 12 tahun;Rp300 juta;Mengatur tindakan pelecehan seksual oleh pejabat publik atau penegak hukum dalam konteks pengurusan dokumen resmi.
Petugas imigrasi memaksa kontak seksual untuk pengurusan paspor;Pasal 11 UU TPKS;Maksimal 12 tahun;Rp300 juta;Mengatur tindakan pelecehan seksual oleh pejabat publik atau penegak hukum dalam konteks pengurusan dokumen resmi.
Aparat melakukan kekerasan seksual saat penggerebekan dengan alasan pemeriksaan;Pasal 11 UU TPKS;Maksimal 12 tahun;Rp300 juta;Mengatur tindakan pelecehan seksual oleh pejabat publik atau penegak hukum dalam konteks pengurusan dokumen resmi.
Pejabat daerah memanfaatkan bantuan sosial untuk pemerasan seksual;Pasal 11 UU TPKS;Maksimal 12 tahun;Rp300 juta;Mengatur tindakan pelecehan seksual oleh pejabat publik atau penegak hukum dalam konteks pengurusan dokumen resmi.
Petugas Lembaga Pemasyarakatan melakukan pelecehan seksual terhadap narapidana;Pasal 11 UU TPKS;Maksimal 12 tahun;Rp300 juta;Mengatur tindakan pelecehan seksual oleh pejabat publik atau penegak hukum dalam konteks pengurusan dokumen resmi.
Pejabat melakukan persekusi seksual terhadap kelompok minoritas;Pasal 11 UU TPKS;Maksimal 12 tahun;Rp300 juta;Mengatur tindakan pelecehan seksual oleh pejabat publik atau penegak hukum dalam konteks pengurusan dokumen resmi.
Aparat keamanan melakukan intimidasi seksual saat penanganan demo;Pasal 11 UU TPKS;Maksimal 12 tahun;Rp300 juta;Mengatur tindakan pelecehan seksual oleh pejabat publik atau penegak hukum dalam konteks pengurusan dokumen resmi.
Pejabat menggunakan wewenang untuk eksploitasi seksual pada  pekerjanya;Pasal 11 UU TPKS;Maksimal 12 tahun;Rp300 juta;Mengatur tindakan pelecehan seksual oleh pejabat publik atau penegak hukum dalam konteks pengurusan dokumen resmi.
Bos memaksa pegawai melakukan hubungan seksual sebagai syarat untuk promosi jabatan di lingkungan kerja.;Pasal 12 UU TPKS;Maksimal 12 tahun;Rp300 juta;Berfokus pada pemaksaan hubungan seksual di lingkungan kerja, termasuk pelecehan seksual sistematis.
Pemilik usaha mengancam pemecatan jika pegawai menolak hubungan seksual di lingkungan kerja.;Pasal 12 UU TPKS;Maksimal 12 tahun;Rp300 juta;Berfokus pada pemaksaan hubungan seksual di lingkungan kerja, termasuk pelecehan seksual sistematis.
Manajer melakukan pelecehan seksual berulang terhadap karyawan baru di lingkungan kerja.;Pasal 12 UU TPKS;Maksimal 12 tahun;Rp300 juta;Berfokus pada pemaksaan hubungan seksual di lingkungan kerja, termasuk pelecehan seksual sistematis.
Pimpinan perusahaan memanfaatkan relasi kuasa untuk melakukan eksploitasi seksual di lingkungan kerja.;Pasal 12 UU TPKS;Maksimal 12 tahun;Rp300 juta;Berfokus pada pemaksaan hubungan seksual di lingkungan kerja, termasuk pelecehan seksual sistematis.
Pemerasan seksual dengan ancaman tidak memperpanjang kontrak kerja di lingkungan kerja.;Pasal 12 UU TPKS;Maksimal 12 tahun;Rp300 juta;Berfokus pada pemaksaan hubungan seksual di lingkungan kerja, termasuk pelecehan seksual sistematis.
Penyalahgunaan wewenang untuk memaksa hubungan seksual di lingkungan kerja yang berbahaya.;Pasal 12 UU TPKS;Maksimal 12 tahun;Rp300 juta;Berfokus pada pemaksaan hubungan seksual di lingkungan kerja, termasuk pelecehan seksual sistematis.
Melakukan pelecehan verbal kepada teman kantor dilingkungan kerja;Pasal 12 UU TPKS;Maksimal 12 tahun;Rp300 juta;Berfokus pada pemaksaan hubungan seksual di lingkungan kerja, termasuk pelecehan seksual sistematis.
Menggunakan rahasia pekerjaan untuk melakukan pemerasan seksual di lingkungan kerja.;Pasal 12 UU TPKS;Maksimal 12 tahun;Rp300 juta;Berfokus pada pemaksaan hubungan seksual di lingkungan kerja, termasuk pelecehan seksual sistematis.
Pemimpin tim melakukan intimidasi seksual terhadap anggota tim di lingkungan kerja.;Pasal 12 UU TPKS;Maksimal 12 tahun;Rp300 juta;Berfokus pada pemaksaan hubungan seksual di lingkungan kerja, termasuk pelecehan seksual sistematis.
Pemilik usaha melakukan eksploitasi seksual terhadap pekerja harian di lingkungan kerja.;Pasal 12 UU TPKS;Maksimal 12 tahun;Rp300 juta;Berfokus pada pemaksaan hubungan seksual di lingkungan kerja, termasuk pelecehan seksual sistematis.
Menyebarkan foto atau video intim mantan pasangan tanpa persetujuan yang jelas.;Pasal 13 UU TPKS;Maksimal 6 tahun;Rp500 juta;Menyebarkan konten intim seseorang tanpa izin, seperti balas dendam dengan menyebarkan foto/video pribadi atau memaksa korban dengan ancaman menyebarkan konten tersebut.
Mengancam akan menyebarkan konten intim sebagai bentuk pemerasan terhadap korban.;Pasal 13 UU TPKS;Maksimal 6 tahun;Rp500 juta;Menyebarkan konten intim seseorang tanpa izin, seperti balas dendam dengan menyebarkan foto/video pribadi atau memaksa korban dengan ancaman menyebarkan konten tersebut.
Membuat deepfake konten pornografi dengan wajah korban tanpa izin, merusak reputasi mereka.;Pasal 13 UU TPKS;Maksimal 6 tahun;Rp500 juta;Menyebarkan konten intim seseorang tanpa izin, seperti balas dendam dengan menyebarkan foto/video pribadi atau memaksa korban dengan ancaman menyebarkan konten tersebut.
Mengunggah konten intim dari kamera tersembunyi saat hubungan intim tanpa persetujuan.;Pasal 13 UU TPKS;Maksimal 6 tahun;Rp500 juta;Menyebarkan konten intim seseorang tanpa izin, seperti balas dendam dengan menyebarkan foto/video pribadi atau memaksa korban dengan ancaman menyebarkan konten tersebut.
Menyebarkan daftar nama korban video intim di media sosial, merugikan privasi dan keamanan mereka.;Pasal 13 UU TPKS;Maksimal 6 tahun;Rp500 juta;Menyebarkan konten intim seseorang tanpa izin, seperti balas dendam dengan menyebarkan foto/video pribadi atau memaksa korban dengan ancaman menyebarkan konten tersebut.
Membuat grup atau forum untuk berbagi konten intim tanpa izin dari pihak yang terlibat.;Pasal 13 UU TPKS;Maksimal 6 tahun;Rp500 juta;Menyebarkan konten intim seseorang tanpa izin, seperti balas dendam dengan menyebarkan foto/video pribadi atau memaksa korban dengan ancaman menyebarkan konten tersebut.
Mengedit gambar korban menjadi konten pornografi tanpa persetujuan.;Pasal 13 UU TPKS;Maksimal 6 tahun;Rp500 juta;Menyebarkan konten intim seseorang tanpa izin, seperti balas dendam dengan menyebarkan foto/video pribadi atau memaksa korban dengan ancaman menyebarkan konten tersebut.
Menyimpan dan mendistribusikan konten intim yang merugikan korban secara emosional dan reputasional.;Pasal 13 UU TPKS;Maksimal 6 tahun;Rp500 juta;Menyebarkan konten intim seseorang tanpa izin, seperti balas dendam dengan menyebarkan foto/video pribadi atau memaksa korban dengan ancaman menyebarkan konten tersebut.
Melakukan pelecehan seksual digital dengan mengancam penyebaran konten intim untuk memperoleh keuntungan.;Pasal 13 UU TPKS;Maksimal 6 tahun;Rp500 juta;Menyebarkan konten intim seseorang tanpa izin, seperti balas dendam dengan menyebarkan foto/video pribadi atau memaksa korban dengan ancaman menyebarkan konten tersebut.
Menyebarkan nomor telepon korban video intim dengan ajakan seksual, mengganggu privasi mereka.;Pasal 13 UU TPKS;Maksimal 6 tahun;Rp500 juta;Menyebarkan konten intim seseorang tanpa izin, seperti balas dendam dengan menyebarkan foto/video pribadi atau memaksa korban dengan ancaman menyebarkan konten tersebut.
Merekam aktivitas seksual secara diam-diam tanpa persetujuan dari semua pihak yang terlibat.;Pasal 14 UU TPKS;Maksimal 4 tahun;Rp200 juta;Berfokus pada perekaman aktivitas seksual tanpa izin, termasuk penggunaan teknologi untuk merekam secara diam-diam.
Mengambil screenshot percakapan intim secara diam-diam, melanggar privasi korban.;Pasal 14 UU TPKS;Maksimal 4 tahun;Rp200 juta;Berfokus pada perekaman aktivitas seksual tanpa izin, termasuk penggunaan teknologi untuk merekam secara diam-diam.
Memotret bagian tubuh privat secara diam-diam korban, merugikan privasi mereka.;Pasal 14 UU TPKS;Maksimal 4 tahun;Rp200 juta;Berfokus pada perekaman aktivitas seksual tanpa izin, termasuk penggunaan teknologi untuk merekam secara diam-diam.
Mengaktifkan kamera tersembunyi di ruang ganti untuk merekam individu secara diam-diam.;Pasal 14 UU TPKS;Maksimal 4 tahun;Rp200 juta;Berfokus pada perekaman aktivitas seksual tanpa izin, termasuk penggunaan teknologi untuk merekam secara diam-diam.
Menyimpan rekaman video pribadi yang bersifat seksual secara diam-diam, melanggar privasi.;Pasal 14 UU TPKS;Maksimal 4 tahun;Rp200 juta;Berfokus pada perekaman aktivitas seksual tanpa izin, termasuk penggunaan teknologi untuk merekam secara diam-diam.
Menggunakan drone untuk mengambil gambar privat individu secara diam-diam.;Pasal 14 UU TPKS;Maksimal 4 tahun;Rp200 juta;Berfokus pada perekaman aktivitas seksual tanpa izin, termasuk penggunaan teknologi untuk merekam secara diam-diam.
Membuat tangkapan layar video call intim secara diam-diam dari pihak yang terlibat.;Pasal 14 UU TPKS;Maksimal 4 tahun;Rp200 juta;Berfokus pada perekaman aktivitas seksual tanpa izin, termasuk penggunaan teknologi untuk merekam secara diam-diam.
Memasang spyware untuk merekam aktivitas seksual secara diam-diam.;Pasal 14 UU TPKS;Maksimal 4 tahun;Rp200 juta;Berfokus pada perekaman aktivitas seksual tanpa izin, termasuk penggunaan teknologi untuk merekam secara diam-diam.
Menggunakan kamera di toilet umum untuk merekam korban secara diam-diam.;Pasal 14 UU TPKS;Maksimal 4 tahun;Rp200 juta;Berfokus pada perekaman aktivitas seksual tanpa izin, termasuk penggunaan teknologi untuk merekam secara diam-diam.
Merekam korban yang sedang tidak sadar atau tidur secara diam-diam dengan tujuan seksual;Pasal 14 UU TPKS;Maksimal 4 tahun;Rp200 juta;Berfokus pada perekaman aktivitas seksual tanpa izin, termasuk penggunaan teknologi untuk merekam secara diam-diam.
menyebarkan video intim korban ke media sosial tanpa izin;Pasal 15 UU TPKS;Maksimal 6 tahun;Rp 500 juta;Mengatur tindakan menyebarkan konten seksual yang merugikan korban, termasuk pembuatan deepfake.
pelaku merekam aktivitas seksual dengan korban tanpa sepengetahuan lalu mengancam menyebarkannya ke media sosial jika hubungan berakhir;Pasal 15 UU TPKS;Maksimal 6 tahun;Rp 500 juta;Mengatur tindakan menyebarkan konten seksual yang merugikan korban, termasuk pembuatan deepfake.
mengedit wajah temannya ke dalam video porno dan menyebarkannya ke grup kelas;Pasal 15 UU TPKS;Maksimal 6 tahun;Rp 500 juta;Mengatur tindakan menyebarkan konten seksual yang merugikan korban, termasuk pembuatan deepfake.
menyebarkan foto pribadi mantannya sebagai bentuk balas dendam;Pasal 15 UU TPKS;Maksimal 6 tahun;Rp 500 juta;Mengatur tindakan menyebarkan konten seksual yang merugikan korban, termasuk pembuatan deepfake.
mengambil foto privat korban dari cloud storage dan menyebarkannya di forum daring;Pasal 15 UU TPKS;Maksimal 6 tahun;Rp 500 juta;Mengatur tindakan menyebarkan konten seksual yang merugikan korban, termasuk pembuatan deepfake.
merekam korban mandi di kos dan menyebarkannya ke grup WhatsApp tanpa seizin korban;Pasal 15 UU TPKS;Maksimal 6 tahun;Rp 500 juta;Mengatur tindakan menyebarkan konten seksual yang merugikan korban, termasuk pembuatan deepfake.
Pelaku menggunakan AI untuk membuat deepfake video porno dengan wajah selebriti lalu menyebarkannya ke internet;Pasal 15 UU TPKS;Maksimal 6 tahun;Rp 500 juta;Mengatur tindakan menyebarkan konten seksual yang merugikan korban, termasuk pembuatan deepfake.
pelaku mengancam menyebarkan tangkapan layar percakapan seksual korban jika tidak diberi uang;Pasal 15 UU TPKS;Maksimal 6 tahun;Rp 500 juta;Mengatur tindakan menyebarkan konten seksual yang merugikan korban, termasuk pembuatan deepfake.
Pelaku menyebarkan video yang didapat dari kamera tersembunyi di toilet umum;Pasal 15 UU TPKS;Maksimal 6 tahun;Rp 500 juta;Mengatur tindakan menyebarkan konten seksual yang merugikan korban, termasuk pembuatan deepfake.
Seorang pelaku membuat dan menyebarkan meme seksual yang mempermalukan korban tanpa persetujuan;Pasal 15 UU TPKS;Maksimal 6 tahun;Rp 500 juta;Mengatur tindakan menyebarkan konten seksual yang merugikan korban, termasuk pembuatan deepfake.
memaksa dan memperkosa korban dengan ancaman pisau;Pasal 285 KUHP;Maksimal 12 tahun;Tidak ada;Mengatur pemerkosaan dengan ancaman kekerasan, termasuk tindakan pemerkosaan yang dilakukan dalam keadaan terpaksa.
memperkosa korban yang sedang dalam keadaan tidak sadar;Pasal 285 KUHP;Maksimal 12 tahun;Tidak ada;Mengatur pemerkosaan dengan ancaman kekerasan, termasuk tindakan pemerkosaan yang dilakukan dalam keadaan terpaksa.
melakukan pemerkosaan dengan ancaman akan membunuh keluarga korban;Pasal 285 KUHP;Maksimal 12 tahun;Tidak ada;Mengatur pemerkosaan dengan ancaman kekerasan, termasuk tindakan pemerkosaan yang dilakukan dalam keadaan terpaksa.
memerkosa anak di bawah umur dengan kekerasan fisik;Pasal 285 KUHP;Maksimal 12 tahun;Tidak ada;Mengatur pemerkosaan dengan ancaman kekerasan, termasuk tindakan pemerkosaan yang dilakukan dalam keadaan terpaksa.
menahan dan memperkosa korban selama beberapa hari;Pasal 285 KUHP;Maksimal 12 tahun;Tidak ada;Mengatur pemerkosaan dengan ancaman kekerasan, termasuk tindakan pemerkosaan yang dilakukan dalam keadaan terpaksa.
melakukan pemerkosaan beramai-ramai bersama komplotannya;Pasal 285 KUHP;Maksimal 12 tahun;Tidak ada;Mengatur pemerkosaan dengan ancaman kekerasan, termasuk tindakan pemerkosaan yang dilakukan dalam keadaan terpaksa.
memperkosa mantan istri dengan ancaman senjata;Pasal 285 KUHP;Maksimal 12 tahun;Tidak ada;Mengatur pemerkosaan dengan ancaman kekerasan, termasuk tindakan pemerkosaan yang dilakukan dalam keadaan terpaksa.
memperkosa wanita penyandang disabilitas yang tidak mampu melawan;Pasal 285 KUHP;Maksimal 12 tahun;Tidak ada;Mengatur pemerkosaan dengan ancaman kekerasan, termasuk tindakan pemerkosaan yang dilakukan dalam keadaan terpaksa.
menyuntikkan obat penenang lalu memperkosa korban;Pasal 285 KUHP;Maksimal 12 tahun;Tidak ada;Mengatur pemerkosaan dengan ancaman kekerasan, termasuk tindakan pemerkosaan yang dilakukan dalam keadaan terpaksa.
memerkosa korban dengan ancaman menyebarkan foto pribadi;Pasal 285 KUHP;Maksimal 12 tahun;Tidak ada;Mengatur pemerkosaan dengan ancaman kekerasan, termasuk tindakan pemerkosaan yang dilakukan dalam keadaan terpaksa.
bersetubuh dengan anak perempuan dibawah umur;Pasal 287 KUHP;9 tahun;Tidak ada;Menyangkut hubungan seksual dengan anak di bawah umur, termasuk pemerkosaan dan pencabulan.
melakukan hubungan intim dengan gadis di bawah umur yang dikencaninya;Pasal 287 KUHP;9 tahun;Tidak ada;Menyangkut hubungan seksual dengan anak di bawah umur, termasuk pemerkosaan dan pencabulan.
berhubungan badan dengan anak di bawah umur yang dikira sudah dewasa;Pasal 287 KUHP;9 tahun;Tidak ada;Menyangkut hubungan seksual dengan anak di bawah umur, termasuk pemerkosaan dan pencabulan.
melakukan persetubuhan dengan anak yatim piatu dibawah umur;Pasal 287 KUHP;9 tahun;Tidak ada;Menyangkut hubungan seksual dengan anak di bawah umur, termasuk pemerkosaan dan pencabulan.
bersetubuh dengan anak di bawah umur yang bekerja sebagai pembantu rumah tangga;Pasal 287 KUHP;9 tahun;Tidak ada;Menyangkut hubungan seksual dengan anak di bawah umur, termasuk pemerkosaan dan pencabulan.
berhubungan intim dengan siswi SMP yang masih dibawah umur;Pasal 287 KUHP;9 tahun;Tidak ada;Menyangkut hubungan seksual dengan anak di bawah umur, termasuk pemerkosaan dan pencabulan.
melakukan persetubuhan dengan anak jalanan dibawah umur;Pasal 287 KUHP;9 tahun;Tidak ada;Menyangkut hubungan seksual dengan anak di bawah umur, termasuk pemerkosaan dan pencabulan.
bersetubuh dengan anak di bawah umur yang merupakan tetangganya;Pasal 287 KUHP;9 tahun;Tidak ada;Menyangkut hubungan seksual dengan anak di bawah umur, termasuk pemerkosaan dan pencabulan.
berhubungan badan dengan remaja putri yang masih dibawah umur pernikahan;Pasal 287 KUHP;9 tahun;Tidak ada;Menyangkut hubungan seksual dengan anak di bawah umur, termasuk pemerkosaan dan pencabulan.
melakukan persetubuhan dengan anak korban trafficking seksual dibawah umur;Pasal 287 KUHP;9 tahun;Tidak ada;Menyangkut hubungan seksual dengan anak di bawah umur, termasuk pemerkosaan dan pencabulan.
memaksa korban melakukan tindakan cabul dengan ancaman senjata;Pasal 289 KUHP;9 tahun;Tidak ada;Mengatur pencabulan dengan ancaman kekerasan, termasuk pemaksaan tindakan cabul.
mengancam akan membunuh korban jika tidak mau melakukan perbuatan cabul;Pasal 289 KUHP;9 tahun;Tidak ada;Mengatur pencabulan dengan ancaman kekerasan, termasuk pemaksaan tindakan cabul.
memegang bagian tubuh intim korban secara cabul dengan paksaan;Pasal 289 KUHP;9 tahun;Tidak ada;Mengatur pencabulan dengan ancaman kekerasan, termasuk pemaksaan tindakan cabul.
memaksa korban menonton adegan cabul dengan ancaman kekerasan;Pasal 289 KUHP;9 tahun;Tidak ada;Mengatur pencabulan dengan ancaman kekerasan, termasuk pemaksaan tindakan cabul.
mengancam akan menyebarkan rahasia korban jika tidak mau melakukan hal cabul;Pasal 289 KUHP;9 tahun;Tidak ada;Mengatur pencabulan dengan ancaman kekerasan, termasuk pemaksaan tindakan cabul.
memaksa korban melakukan hal cabul dengan ancaman akan melukai keluarga korban;Pasal 289 KUHP;9 tahun;Tidak ada;Mengatur pencabulan dengan ancaman kekerasan, termasuk pemaksaan tindakan cabul.
menyekap korban dan melakukan perbuatan cabul secara paksa;Pasal 289 KUHP;9 tahun;Tidak ada;Mengatur pencabulan dengan ancaman kekerasan, termasuk pemaksaan tindakan cabul.
memaksa korban memakai pakaian minim dengan ancaman kekerasan;Pasal 289 KUHP;9 tahun;Tidak ada;Mengatur pencabulan dengan ancaman kekerasan, termasuk pemaksaan tindakan cabul.
mengancam akan memukul korban jika tidak mau dicabuli oleh pelaku;Pasal 289 KUHP;9 tahun;Tidak ada;Mengatur pencabulan dengan ancaman kekerasan, termasuk pemaksaan tindakan cabul.
memaksa korban melakukan video call bernuansa cabul dengan ancaman;Pasal 289 KUHP;9 tahun;Tidak ada;Mengatur pencabulan dengan ancaman kekerasan, termasuk pemaksaan tindakan cabul.
memperkosa anak perempuan berusia 12 tahun;Pasal 81 UU PA;5-15 tahun;5 miliar;Mengatur pemerkosaan dan pencabulan terhadap anak, dengan hukuman yang lebih berat.
Guru memerkosa muridnya yang masih berusia 13 tahun;Pasal 81 UU PA;5-15 tahun;5 miliar;Mengatur pemerkosaan dan pencabulan terhadap anak, dengan hukuman yang lebih berat.
Pemerkosaan berkelompok terhadap anak laki-laki 14 tahun;Pasal 81 UU PA;5-15 tahun;5 miliar;Mengatur pemerkosaan dan pencabulan terhadap anak, dengan hukuman yang lebih berat.
Pelaku menyekap dan memperkosa anak tetangga berusia 10 tahun;Pasal 81 UU PA;5-15 tahun;5 miliar;Mengatur pemerkosaan dan pencabulan terhadap anak, dengan hukuman yang lebih berat.
Ayah tiri memerkosa anak tirinya yang berusia 11 tahun;Pasal 81 UU PA;5-15 tahun;5 miliar;Mengatur pemerkosaan dan pencabulan terhadap anak, dengan hukuman yang lebih berat.
Pelaku memperkosa anak jalanan berusia 9 tahun;Pasal 81 UU PA;5-15 tahun;5 miliar;Mengatur pemerkosaan dan pencabulan terhadap anak, dengan hukuman yang lebih berat.
Oknum petugas panti memerkosa anak asuh berusia 12 tahun;Pasal 81 UU PA;5-15 tahun;5 miliar;Mengatur pemerkosaan dan pencabulan terhadap anak, dengan hukuman yang lebih berat.
Pelaku memakai obat bius sebelum memperkosa korban 13 tahun;Pasal 81 UU PA;5-15 tahun;5 miliar;Mengatur pemerkosaan dan pencabulan terhadap anak, dengan hukuman yang lebih berat.
Remaja 17 tahun memperkosa anak SD berusia 8 tahun;Pasal 81 UU PA;5-15 tahun;5 miliar;Mengatur pemerkosaan dan pencabulan terhadap anak, dengan hukuman yang lebih berat.
Pelaku menyamar sebagai ojol untuk memerkosa anak 14 tahun;Pasal 81 UU PA;5-15 tahun;5 miliar;Mengatur pemerkosaan dan pencabulan terhadap anak, dengan hukuman yang lebih berat.
Pelaku memaksa anak usia 13 tahun melakukan aksi cabul di kamar mandi;Pasal 82 UU PA;5-15 tahun;5 miliar;Berfokus pada pencabulan anak, termasuk tindakan cabul terhadap anak di bawah umur.
Guru les menyentuh bagian intim dengan cabul anak didiknya yang berusia 12 tahun;Pasal 82 UU PA;5-15 tahun;5 miliar;Berfokus pada pencabulan anak, termasuk tindakan cabul terhadap anak di bawah umur.
Paman mengajak keponakan laki-laki usia 10 tahun melakukan aktivitas cabul;Pasal 82 UU PA;5-15 tahun;5 miliar;Berfokus pada pencabulan anak, termasuk tindakan cabul terhadap anak di bawah umur.
Pelaku merekam video cabul anak jalanan usia 11 tahun dengan ancaman;Pasal 82 UU PA;5-15 tahun;5 miliar;Berfokus pada pencabulan anak, termasuk tindakan cabul terhadap anak di bawah umur.
Petugas panti mengancam akan mengusir anak 9 tahun jika tidak mau dicabuli;Pasal 82 UU PA;5-15 tahun;5 miliar;Berfokus pada pencabulan anak, termasuk tindakan cabul terhadap anak di bawah umur.
Pelaku memaksa anak usia 9 tahun menonton konten cabul bersamanya;Pasal 82 UU PA;5-15 tahun;5 miliar;Berfokus pada pencabulan anak, termasuk tindakan cabul terhadap anak di bawah umur.
Driver ojol mengajak anak penumpang usia 14 tahun melakukan percobaan cabul;Pasal 82 UU PA;5-15 tahun;5 miliar;Berfokus pada pencabulan anak, termasuk tindakan cabul terhadap anak di bawah umur.
Pelaku menggelapkan kamar dan melakukan aksi cabul pada anak tetangga usia 8 tahun;Pasal 82 UU PA;5-15 tahun;5 miliar;Berfokus pada pencabulan anak, termasuk tindakan cabul terhadap anak di bawah umur.
Remaja 17 tahun mengancam akan membully jika teman sekelasnya usia 13 tahun dicabuli;Pasal 82 UU PA;5-15 tahun;5 miliar;Berfokus pada pencabulan anak, termasuk tindakan cabul terhadap anak di bawah umur.
Pelaku memanipulasi anak usia 10 tahun untuk melakukan video call cabul;Pasal 82 UU PA;5-15 tahun;5 miliar;Berfokus pada pencabulan anak, termasuk tindakan cabul terhadap anak di bawah umur.
Suami memaksa istri berhubungan intim dengan ancaman kekerasan fisik;Pasal 46 UU PKDRT;Maksimal 12 tahun;Maksimal 36 juta;Mengatur kekerasan seksual dalam konteks rumah tangga, termasuk pemaksaan hubungan seksual.
Seorang Ayah melakukan pelecehan seksual terhadap anak tirinya yang remaja;Pasal 46 UU PKDRT;Maksimal 12 tahun;Maksimal 36 juta;Mengatur kekerasan seksual dalam konteks rumah tangga, termasuk pemaksaan hubungan seksual.
Suami memaksa istrinyanya melakukan aktivitas seksual tidak wajar;Pasal 46 UU PKDRT;Maksimal 12 tahun;Maksimal 36 juta;Mengatur kekerasan seksual dalam konteks rumah tangga, termasuk pemaksaan hubungan seksual.
Suami mengancam akan menyakiti anak jika istri menolak hubungan seks;Pasal 46 UU PKDRT;Maksimal 12 tahun;Maksimal 36 juta;Mengatur kekerasan seksual dalam konteks rumah tangga, termasuk pemaksaan hubungan seksual.
Saudara kandung melakukan pemaksaan hubungan seksual dalam rumah tangga;Pasal 46 UU PKDRT;Maksimal 12 tahun;Maksimal 36 juta;Mengatur kekerasan seksual dalam konteks rumah tangga, termasuk pemaksaan hubungan seksual.
memanipulasi istri sendiri dengan obat penenang untuk aktivitas seksual;Pasal 46 UU PKDRT;Maksimal 12 tahun;Maksimal 36 juta;Mengatur kekerasan seksual dalam konteks rumah tangga, termasuk pemaksaan hubungan seksual.
Suami melakukan pelecehan seksual berulang dengan intimidasi;Pasal 46 UU PKDRT;Maksimal 12 tahun;Maksimal 36 juta;Mengatur kekerasan seksual dalam konteks rumah tangga, termasuk pemaksaan hubungan seksual.
Anggota keluarga memaksa anak dewasa melakukan hubungan incest;Pasal 46 UU PKDRT;Maksimal 12 tahun;Maksimal 36 juta;Mengatur kekerasan seksual dalam konteks rumah tangga, termasuk pemaksaan hubungan seksual.
Suami merekam aktivitas intim istri tanpa persetujuan untuk pemerasan;Pasal 46 UU PKDRT;Maksimal 12 tahun;Maksimal 36 juta;Mengatur kekerasan seksual dalam konteks rumah tangga, termasuk pemaksaan hubungan seksual.
Kepala keluarga melakukan kekerasan seksual dengan eksploitasi ketergantungan ekonomi;Pasal 46 UU PKDRT;Maksimal 12 tahun;Maksimal 36 juta;Mengatur kekerasan seksual dalam konteks rumah tangga, termasuk pemaksaan hubungan seksual.
menyebarkan video porno melalui grup WhatsApp;Pasal 45(1) UU ITE;Maksimal 6 tahun;Maksimal 1 miliar;Mengatur penyebaran konten ilegal, termasuk eksploitasi seksual anak dan pornografi.
Akun media sosial mengunggah foto vulgar tanpa persetujuan;Pasal 45(1) UU ITE;Maksimal 6 tahun;Maksimal 1 miliar;Mengatur penyebaran konten ilegal, termasuk eksploitasi seksual anak dan pornografi.
Admin grup Telegram membagikan konten dewasa ilegal;Pasal 45(1) UU ITE;Maksimal 6 tahun;Maksimal 1 miliar;Mengatur penyebaran konten ilegal, termasuk eksploitasi seksual anak dan pornografi.
menjual akses konten porno melalui link website;Pasal 45(1) UU ITE;Maksimal 6 tahun;Maksimal 1 miliar;Mengatur penyebaran konten ilegal, termasuk eksploitasi seksual anak dan pornografi.
Remaja membagikan rekaman intim mantan pacar di Twitter;Pasal 45(1) UU ITE;Maksimal 6 tahun;Maksimal 1 miliar;Mengatur penyebaran konten ilegal, termasuk eksploitasi seksual anak dan pornografi.
membuat deepfake pornografi selebriti dan menyebarkannya;Pasal 45(1) UU ITE;Maksimal 6 tahun;Maksimal 1 miliar;Mengatur penyebaran konten ilegal, termasuk eksploitasi seksual anak dan pornografi.
Situs web menyediakan streaming konten asusila tanpa izin;Pasal 45(1) UU ITE;Maksimal 6 tahun;Maksimal 1 miliar;Mengatur penyebaran konten ilegal, termasuk eksploitasi seksual anak dan pornografi.
Aplikasi menyediakan forum pertukaran konten dewasa ilegal;Pasal 45(1) UU ITE;Maksimal 6 tahun;Maksimal 1 miliar;Mengatur penyebaran konten ilegal, termasuk eksploitasi seksual anak dan pornografi.
mengirim materi porno ke email massal korban;Pasal 45(1) UU ITE;Maksimal 6 tahun;Maksimal 1 miliar;Mengatur penyebaran konten ilegal, termasuk eksploitasi seksual anak dan pornografi.
Penyedia hosting tidak menurunkan konten porno setelah laporan;Pasal 45(1) UU ITE;Maksimal 6 tahun;Maksimal 1 miliar;Mengatur penyebaran konten ilegal, termasuk eksploitasi seksual anak dan pornografi.
Pelaku mencium paksa korban yang sedang tertidur di ruang kerja tanpa persetujuan.;Pasal 6 UU TPKS;Maksimal 4 tahun;Maksimal Rp50 juta;Menyangkut tindakan seksual yang dilakukan tanpa persetujuan, seperti sentuhan paksa, pemaksaan, dan pelecehan.
Seorang guru menyentuh bagian dada siswinya secara paksa saat memberikan pelajaran praktik, tanpa adanya izin atau konteks yang dibenarkan.;Pasal 6 UU TPKS;Maksimal 4 tahun;Maksimal Rp50 juta;Menyangkut tindakan seksual yang dilakukan tanpa persetujuan, seperti sentuhan paksa, pemaksaan, dan pelecehan.
Dalam sebuah kendaraan umum, pelaku meraba paha korban secara diam-diam tanpa persetujuan.;Pasal 6 UU TPKS;Maksimal 4 tahun;Maksimal Rp50 juta;Menyangkut tindakan seksual yang dilakukan tanpa persetujuan, seperti sentuhan paksa, pemaksaan, dan pelecehan.
Saat berpura-pura membantu memperbaiki pakaian korban, pelaku memanfaatkan situasi untuk menyentuh bagian tubuh pribadi korban tanpa persetujuan.;Pasal 6 UU TPKS;Maksimal 4 tahun;Maksimal Rp50 juta;Menyangkut tindakan seksual yang dilakukan tanpa persetujuan, seperti sentuhan paksa, pemaksaan, dan pelecehan.
Dalam acara kantor, pelaku memeluk dan meraba secara paksa.;Pasal 6 UU TPKS;Maksimal 4 tahun;Maksimal Rp50 juta;Menyangkut tindakan seksual yang dilakukan tanpa persetujuan, seperti sentuhan paksa, pemaksaan, dan pelecehan.
Pria dewasa menyentuh alat vital anak 12 tahun sesama jenis saat berada di dalam kamar kos.;Pasal 292 KUHP;Maksimal 5 tahun;Tidak ada;Mengatur tentang perbuatan cabul antara orang dewasa dengan anak di bawah umur yang berjenis kelamin sama.
Seorang paman mencium dan meraba keponakannya sesama jenis yang masih duduk di bangku SD.;Pasal 292 KUHP;Maksimal 5 tahun;Tidak ada;Mengatur tentang perbuatan cabul antara orang dewasa dengan anak di bawah umur yang berjenis kelamin sama.
Guru laki-laki mencabuli siswa pria yang sesama jenis saat sesi les tambahan di rumahnya.;Pasal 292 KUHP;Maksimal 5 tahun;Tidak ada;Mengatur tentang perbuatan cabul antara orang dewasa dengan anak di bawah umur yang berjenis kelamin sama.
Pria dewasa memaksa anak tetangga yang sesama jenis untuk membuka baju dan menyentuh tubuhnya.;Pasal 292 KUHP;Maksimal 5 tahun;Tidak ada;Mengatur tentang perbuatan cabul antara orang dewasa dengan anak di bawah umur yang berjenis kelamin sama.
Lelaki dewasa memeluk dan menyentuh bagian pribadi anak sesama jenis saat mereka menonton TV bersama.;Pasal 292 KUHP;Maksimal 5 tahun;Tidak ada;Mengatur tentang perbuatan cabul antara orang dewasa dengan anak di bawah umur yang berjenis kelamin sama.
Pemilik warung memperdaya anak sesama jenis dengan memberi makanan gratis sebagai imbalan untuk perbuatan cabul.;Pasal 292 KUHP;Maksimal 5 tahun;Tidak ada;Mengatur tentang perbuatan cabul antara orang dewasa dengan anak di bawah umur yang berjenis kelamin sama.
Petugas keamanan menyentuh tubuh anak sesama jenis yang sedang bermain di kompleks perumahan.;Pasal 292 KUHP;Maksimal 5 tahun;Tidak ada;Mengatur tentang perbuatan cabul antara orang dewasa dengan anak di bawah umur yang berjenis kelamin sama.
Pria dewasa mencium anak sesama jenis secara paksa di kamar mandi umum.;Pasal 292 KUHP;Maksimal 5 tahun;Tidak ada;Mengatur tentang perbuatan cabul antara orang dewasa dengan anak di bawah umur yang berjenis kelamin sama.
Lelaki dewasa mengancam anak sesama jenis agar tidak melapor setelah melakukan tindakan cabul.;Pasal 292 KUHP;Maksimal 5 tahun;Tidak ada;Mengatur tentang perbuatan cabul antara orang dewasa dengan anak di bawah umur yang berjenis kelamin sama.
Seorang penyedia tempat penitipan anak mencabuli anak sesama jenis yang sedang diasuhnya.;Pasal 292 KUHP;Maksimal 5 tahun;Tidak ada;Mengatur tentang perbuatan cabul antara orang dewasa dengan anak di bawah umur yang berjenis kelamin sama.
Pria dewasa membujuk anak laki-laki dengan mainan lalu melakukan tindakan cabul di dalam mobil.;Pasal 292 KUHP;Maksimal 5 tahun;Tidak ada;Mengatur tentang perbuatan cabul antara orang dewasa dengan anak di bawah umur yang berjenis kelamin sama.
Pengasuh laki-laki di panti sosial memeluk dan meraba anak laki-laki saat waktu tidur.;Pasal 292 KUHP;Maksimal 5 tahun;Tidak ada;Mengatur tentang perbuatan cabul antara orang dewasa dengan anak di bawah umur yang berjenis kelamin sama.
Penyelenggara kegiatan kemah melakukan perbuatan cabul pada anak laki-laki peserta di tenda malam hari.;Pasal 292 KUHP;Maksimal 5 tahun;Tidak ada;Mengatur tentang perbuatan cabul antara orang dewasa dengan anak di bawah umur yang berjenis kelamin sama.
Memaksa korban masuk ke dalam mobil dengan todongan pisau, lalu memperkosanya di tempat sepi.;Pasal 285 KUHP;Maksimal 12 tahun;Tidak ada;Mengatur pemerkosaan dengan ancaman kekerasan, termasuk tindakan pemerkosaan yang dilakukan dalam keadaan terpaksa.
Mengancam korban dengan pisau di rumahnya dan melakukan pemerkosaan.;Pasal 285 KUHP;Maksimal 12 tahun;Tidak ada;Mengatur pemerkosaan dengan ancaman kekerasan, termasuk tindakan pemerkosaan yang dilakukan dalam keadaan terpaksa.
Korban diperkosa dan dipaksa melayani nafsu pelaku dengan ancaman pisau saat sedang berjalan sendirian.;Pasal 285 KUHP;Maksimal 12 tahun;Tidak ada;Mengatur pemerkosaan dengan ancaman kekerasan, termasuk tindakan pemerkosaan yang dilakukan dalam keadaan terpaksa.
Pelaku memaksa korban ke sebuah bangunan kosong dengan ancaman senjata tajam dan memperkosanya.;Pasal 285 KUHP;Maksimal 12 tahun;Tidak ada;Mengatur pemerkosaan dengan ancaman kekerasan, termasuk tindakan pemerkosaan yang dilakukan dalam keadaan terpaksa.
Korban diperkosa lalu diancam akan dilukai dengan pisau jika menolak berhubungan badan dengan pelaku.;Pasal 285 KUHP;Maksimal 12 tahun;Tidak ada;Mengatur pemerkosaan dengan ancaman kekerasan, termasuk tindakan pemerkosaan yang dilakukan dalam keadaan terpaksa.
Pelaku menghadang korban di jalan, menodongkan pisau, dan melakukan pemerkosaan di tempat kejadian.;Pasal 285 KUHP;Maksimal 12 tahun;Tidak ada;Mengatur pemerkosaan dengan ancaman kekerasan, termasuk tindakan pemerkosaan yang dilakukan dalam keadaan terpaksa.
Korban dipaksa mengikuti pelaku ke sebuah kamar dengan ancaman pisau dan kemudian diperkosa.;Pasal 285 KUHP;Maksimal 12 tahun;Tidak ada;Mengatur pemerkosaan dengan ancaman kekerasan, termasuk tindakan pemerkosaan yang dilakukan dalam keadaan terpaksa.
Pelaku masuk ke rumah korban dengan membawa pisau dan memperkosa korban.;Pasal 285 KUHP;Maksimal 12 tahun;Tidak ada;Mengatur pemerkosaan dengan ancaman kekerasan, termasuk tindakan pemerkosaan yang dilakukan dalam keadaan terpaksa.
Korban diancam dengan pisau agar tidak berteriak saat pelaku melakukan pemerkosaan.;Pasal 285 KUHP;Maksimal 12 tahun;Tidak ada;Mengatur pemerkosaan dengan ancaman kekerasan, termasuk tindakan pemerkosaan yang dilakukan dalam keadaan terpaksa.
Pelaku membawa korban ke area perkebunan dengan ancaman pisau dan melakukan pemerkosaan di sana.;Pasal 285 KUHP;Maksimal 12 tahun;Tidak ada;Mengatur pemerkosaan dengan ancaman kekerasan, termasuk tindakan pemerkosaan yang dilakukan dalam keadaan terpaksa.
Pelaku melakukan perbuatan cabul terhadap korban yang tidak berdaya karena pengaruh alkohol berat.;Pasal 290 KUHP;Maksimal 9 tahun;Tidak ada;Mengatur perbuatan cabul terhadap seseorang yang dalam keadaan tidak berdaya
Korban yang masih balita tidak berdaya saat pelaku melakukan perbuatan cabul.;Pasal 290 KUHP;Maksimal 9 tahun;Tidak ada;Mengatur perbuatan cabul terhadap seseorang yang dalam keadaan tidak berdaya
Memanfaatkan kondisi korban yang tidak berdaya akibat tertidur pulas dan melakukan perbuatan cabul;Pasal 290 KUHP;Maksimal 9 tahun;Tidak ada;Mengatur perbuatan cabul terhadap seseorang yang dalam keadaan tidak berdaya
Lansia yang tidak berdaya karena penyakit Alzheimer menjadi korban perbuatan cabul oleh pelaku.;Pasal 290 KUHP;Maksimal 9 tahun;Tidak ada;Mengatur perbuatan cabul terhadap seseorang yang dalam keadaan tidak berdaya
Korban tidak berdaya setelah diberi obat penenang oleh pelaku sebelum melakukan perbuatan cabul.;Pasal 290 KUHP;Maksimal 9 tahun;Tidak ada;Mengatur perbuatan cabul terhadap seseorang yang dalam keadaan tidak berdaya
Anak dengan disabilitas intelektual tidak berdaya menghadapi perbuatan cabul pelaku.;Pasal 290 KUHP;Maksimal 9 tahun;Tidak ada;Mengatur perbuatan cabul terhadap seseorang yang dalam keadaan tidak berdaya
Korban yang sedang tidak berdaya karena baru siuman dari operasi menjadi sasaran perbuatan cabul.;Pasal 290 KUHP;Maksimal 9 tahun;Tidak ada;Mengatur perbuatan cabul terhadap seseorang yang dalam keadaan tidak berdaya
Tunawisma yang tidak berdaya saat tidur di jalan menjadi korban perbuatan cabul.;Pasal 290 KUHP;Maksimal 9 tahun;Tidak ada;Mengatur perbuatan cabul terhadap seseorang yang dalam keadaan tidak berdaya
Korban tidak berdaya setelah mengalami kecelakaan dan kehilangan kesadaran saat pelaku melakukan perbuatan cabul.;Pasal 290 KUHP;Maksimal 9 tahun;Tidak ada;Mengatur perbuatan cabul terhadap seseorang yang dalam keadaan tidak berdaya
Pelaku memanfaatkan situasi saat korban tidak berdaya karena serangan panik untuk melakukan perbuatan cabul.;Pasal 290 KUHP;Maksimal 9 tahun;Tidak ada;Mengatur perbuatan cabul terhadap seseorang yang dalam keadaan tidak berdaya
Pelaku melakukan perbuatan cabul secara terbuka di taman kota yang ramai pengunjung.;Pasal 281 KUHP;Maksimal 2 tahun;Tidak ada;mengatur tentang pelanggaran kesusilaan yang dilakukan secara terbuka atau di depan orang lain yang bertentangan dengan kehendaknya.
Melakukan tindakan tidak senonoh di depan orang lain di dalam transportasi umum.;Pasal 281 KUHP;Maksimal 2 tahun;Tidak ada;mengatur tentang pelanggaran kesusilaan yang dilakukan secara terbuka atau di depan orang lain yang bertentangan dengan kehendaknya.
Pelaku mempertontonkan alat kelaminnya secara terbuka di area publik.;Pasal 281 KUHP;Maksimal 2 tahun;Tidak ada;mengatur tentang pelanggaran kesusilaan yang dilakukan secara terbuka atau di depan orang lain yang bertentangan dengan kehendaknya.
Melakukan ciuman dan pelukan secara terbuka di tempat umum meskipun telah diperingatkan untuk tidak melakukannya.;Pasal 281 KUHP;Maksimal 2 tahun;Tidak ada;mengatur tentang pelanggaran kesusilaan yang dilakukan secara terbuka atau di depan orang lain yang bertentangan dengan kehendaknya.
Pelaku melakukan onani secara terbuka di tempat wisata yang banyak dikunjungi keluarga.;Pasal 281 KUHP;Maksimal 2 tahun;Tidak ada;mengatur tentang pelanggaran kesusilaan yang dilakukan secara terbuka atau di depan orang lain yang bertentangan dengan kehendaknya.
Melakukan tindakan asusila di depan orang lain saat acara pernikahan berlangsung.;Pasal 281 KUHP;Maksimal 2 tahun;Tidak ada;mengatur tentang pelanggaran kesusilaan yang dilakukan secara terbuka atau di depan orang lain yang bertentangan dengan kehendaknya.
Pelaku melakukan perbuatan cabul secara terbuka di lingkungan sekolah.;Pasal 281 KUHP;Maksimal 2 tahun;Tidak ada;mengatur tentang pelanggaran kesusilaan yang dilakukan secara terbuka atau di depan orang lain yang bertentangan dengan kehendaknya.
Melakukan tarian erotis yang melanggar norma kesusilaan di depan orang lain dalam acara komunitas.;Pasal 281 KUHP;Maksimal 2 tahun;Tidak ada;mengatur tentang pelanggaran kesusilaan yang dilakukan secara terbuka atau di depan orang lain yang bertentangan dengan kehendaknya.
Pelaku melakukan masturbasi secara terbuka di jendela rumah yang terlihat oleh tetangga.;Pasal 281 KUHP;Maksimal 2 tahun;Tidak ada;mengatur tentang pelanggaran kesusilaan yang dilakukan secara terbuka atau di depan orang lain yang bertentangan dengan kehendaknya.
Melakukan tindakan tidak pantas dan melanggar kesusilaan di depan orang lain saat sedang mengantri di fasilitas umum.;Pasal 281 KUHP;Maksimal 2 tahun;Tidak ada;mengatur tentang pelanggaran kesusilaan yang dilakukan secara terbuka atau di depan orang lain yang bertentangan dengan kehendaknya.
Pelaku mempertunjukkan video porno di layar besar di tengah keramaian kota.;Pasal 282 KUHP;Maksimal 1 tahun;Tidak ada;mengatur tentang penyebaran atau pertunjukan materi yang melanggar kesusilaan di muka umum.
Dengan sengaja mempertunjukkan gambar-gambar cabul di etalase toko yang dapat dilihat umum.;Pasal 282 KUHP;Maksimal 1 tahun;Tidak ada;mengatur tentang penyebaran atau pertunjukan materi yang melanggar kesusilaan di muka umum.
Pelaku mempertunjukkan aksi live streaming yang mengandung unsur pornografi di platform media sosial.;Pasal 282 KUHP;Maksimal 1 tahun;Tidak ada;mengatur tentang penyebaran atau pertunjukan materi yang melanggar kesusilaan di muka umum.
Mengadakan acara yang mempertunjukkan tarian erotis yang melanggar norma kesusilaan di ruang publik tanpa izin.;Pasal 282 KUHP;Maksimal 1 tahun;Tidak ada;mengatur tentang penyebaran atau pertunjukan materi yang melanggar kesusilaan di muka umum.
Pelaku mempertunjukkan boneka atau patung yang berwujud cabul di tempat umum yang mudah diakses anak-anak.;Pasal 282 KUHP;Maksimal 1 tahun;Tidak ada;mengatur tentang penyebaran atau pertunjukan materi yang melanggar kesusilaan di muka umum.
Dengan sengaja mempertunjukkan film porno di sebuah layar tancap ilegal di desa.;Pasal 282 KUHP;Maksimal 1 tahun;Tidak ada;mengatur tentang penyebaran atau pertunjukan materi yang melanggar kesusilaan di muka umum.
Pelaku mempertunjukkan koleksi foto-foto telanjang di dinding rumahnya yang menghadap ke jalan umum.;Pasal 282 KUHP;Maksimal 1 tahun;Tidak ada;mengatur tentang penyebaran atau pertunjukan materi yang melanggar kesusilaan di muka umum.
Mengorganisir pameran seni yang mempertunjukkan karya-karya yang secara eksplisit melanggar norma kesusilaan tanpa adanya batasan usia pengunjung.;Pasal 282 KUHP;Maksimal 1 tahun;Tidak ada;mengatur tentang penyebaran atau pertunjukan materi yang melanggar kesusilaan di muka umum.
Pelaku mempertunjukkan slide presentasi yang berisi gambar-gambar porno di sebuah acara seminar terbuka.;Pasal 282 KUHP;Maksimal 1 tahun;Tidak ada;mengatur tentang penyebaran atau pertunjukan materi yang melanggar kesusilaan di muka umum.
Dengan sengaja mempertunjukkan adegan dewasa dalam drama teater yang diselenggarakan di ruang publik tanpa izin dan pemberitahuan yang sesuai.;Pasal 282 KUHP;Maksimal 1 tahun;Tidak ada;mengatur tentang penyebaran atau pertunjukan materi yang melanggar kesusilaan di muka umum.
Seorang wanita yang telah menikah melakukan persetubuhan yang bukan suaminya di sebuah hotel.;Pasal 284 KUHP;Maksimal 9 bulan;Tidak ada;mengatur tentang perzinaan, yaitu persetubuhan yang dilakukan oleh seseorang yang telah menikah dengan orang lain yang bukan suami atau istrinya.
Seorang pria beristri kedapatan melakukan persetubuhan yang bukan istrinya di rumah kontrakan.;Pasal 284 KUHP;Maksimal 9 bulan;Tidak ada;mengatur tentang perzinaan, yaitu persetubuhan yang dilakukan oleh seseorang yang telah menikah dengan orang lain yang bukan suami atau istrinya.
Terdakwa yang sudah memiliki suami melakukan persetubuhan yang bukan suaminya secara berulang di tempat kerja.;Pasal 284 KUHP;Maksimal 9 bulan;Tidak ada;mengatur tentang perzinaan, yaitu persetubuhan yang dilakukan oleh seseorang yang telah menikah dengan orang lain yang bukan suami atau istrinya.
Seorang pria yang terikat pernikahan melakukan persetubuhan yang bukan istrinya saat melakukan perjalanan dinas.;Pasal 284 KUHP;Maksimal 9 bulan;Tidak ada;mengatur tentang perzinaan, yaitu persetubuhan yang dilakukan oleh seseorang yang telah menikah dengan orang lain yang bukan suami atau istrinya.
Pasangan yang salah satunya masih terikat pernikahan melakukan persetubuhan yang bukan suami atau istrinya di sebuah apartemen sewaan.;Pasal 284 KUHP;Maksimal 9 bulan;Tidak ada;mengatur tentang perzinaan, yaitu persetubuhan yang dilakukan oleh seseorang yang telah menikah dengan orang lain yang bukan suami atau istrinya.
Seorang istri melakukan persetubuhan yang bukan suaminya di rumah saat suaminya sedang tidak ada.;Pasal 284 KUHP;Maksimal 9 bulan;Tidak ada;mengatur tentang perzinaan, yaitu persetubuhan yang dilakukan oleh seseorang yang telah menikah dengan orang lain yang bukan suami atau istrinya.
Pria yang memiliki istri melakukan persetubuhan yang bukan istrinya di sebuah penginapan.;Pasal 284 KUHP;Maksimal 9 bulan;Tidak ada;mengatur tentang perzinaan, yaitu persetubuhan yang dilakukan oleh seseorang yang telah menikah dengan orang lain yang bukan suami atau istrinya.
Terdakwa wanita yang masih bersuami terbukti melakukan persetubuhan yang bukan suaminya dengan seorang pria lajang.;Pasal 284 KUHP;Maksimal 9 bulan;Tidak ada;mengatur tentang perzinaan, yaitu persetubuhan yang dilakukan oleh seseorang yang telah menikah dengan orang lain yang bukan suami atau istrinya.
Pria beristri melakukan persetubuhan yang bukan istrinya dengan seorang wanita lain yang juga telah menikah.;Pasal 284 KUHP;Maksimal 9 bulan;Tidak ada;mengatur tentang perzinaan, yaitu persetubuhan yang dilakukan oleh seseorang yang telah menikah dengan orang lain yang bukan suami atau istrinya.
Seorang wanita yang sah menikah melakukan persetubuhan yang bukan suaminya di sebuah kendaraan pribadi.;Pasal 284 KUHP;Maksimal 9 bulan;Tidak ada;mengatur tentang perzinaan, yaitu persetubuhan yang dilakukan oleh seseorang yang telah menikah dengan orang lain yang bukan suami atau istrinya.
Pelaku memanfaatkan wanita dalam keadaan pingsan akibat kecelakaan untuk melakukan persetubuhan.;Pasal 286 KUHP;Maksimal 9 tahun;Tidak ada;Mengatur tentang persetubuhan dengan wanita yang dalam keadaan pingsan atau tidak berdaya.
Saat korban ditemukan dalam keadaan pingsan setelah pesta,  pelaku melakukan persetubuhan dengannya.;Pasal 286 KUHP;Maksimal 9 tahun;Tidak ada;Mengatur tentang persetubuhan dengan wanita yang dalam keadaan pingsan atau tidak berdaya.
Terdakwa melakukan persetubuhan dengan wanita dalam keadaan pingsan setelah memberinya obat tidur tanpa sepengetahuannya.;Pasal 286 KUHP;Maksimal 9 tahun;Tidak ada;Mengatur tentang persetubuhan dengan wanita yang dalam keadaan pingsan atau tidak berdaya.
Pelaku menemukan wanita dalam keadaan pingsan di pinggir jalan dan melakukan persetubuhan dengannya.;Pasal 286 KUHP;Maksimal 9 tahun;Tidak ada;Mengatur tentang persetubuhan dengan wanita yang dalam keadaan pingsan atau tidak berdaya.
Memanfaatkan wanita dalam keadaan pingsan akibat serangan epilepsi, pelaku melakukan persetubuhan.;Pasal 286 KUHP;Maksimal 9 tahun;Tidak ada;Mengatur tentang persetubuhan dengan wanita yang dalam keadaan pingsan atau tidak berdaya.
Korban ditemukan dalam keadaan pingsan setelah keracunan,  dan pelaku melakukan persetubuhan dengannya.;Pasal 286 KUHP;Maksimal 9 tahun;Tidak ada;Mengatur tentang persetubuhan dengan wanita yang dalam keadaan pingsan atau tidak berdaya.
Pelaku menyeret wanita dalam keadaan pingsan ke tempat sepi dan melakukan persetubuhan.;Pasal 286 KUHP;Maksimal 9 tahun;Tidak ada;Mengatur tentang persetubuhan dengan wanita yang dalam keadaan pingsan atau tidak berdaya.
Saat korban pingsan di rumahnya,  pelaku masuk dan melakukan persetubuhan.;Pasal 286 KUHP;Maksimal 9 tahun;Tidak ada;Mengatur tentang persetubuhan dengan wanita yang dalam keadaan pingsan atau tidak berdaya.
Pelaku melakukan persetubuhan dengan wanita dalam keadaan pingsan setelah korban terjatuh dan kepalanya terbentur.;Pasal 286 KUHP;Maksimal 9 tahun;Tidak ada;Mengatur tentang persetubuhan dengan wanita yang dalam keadaan pingsan atau tidak berdaya.
Menemukan wanita dalam keadaan pingsan di kamar mandi,  pelaku kemudian melakukan persetubuhan dengannya.;Pasal 286 KUHP;Maksimal 9 tahun;Tidak ada;Mengatur tentang persetubuhan dengan wanita yang dalam keadaan pingsan atau tidak berdaya.
Pelaku melakukan perbuatan cabul terhadap anak di bawah umur dengan cara memberikan uang jajan setiap kali bertemu.;Pasal 293 KUHP;Maksimal 5 tahun;Tidak ada;mengatur tentang perbuatan cabul terhadap anak di bawah umur dengan cara memberikan atau menjanjikan uang, barang, atau menyalahgunakan keadaan untuk menggerakkan anak agar melakukan atau membiarkan perbuatan cabul.
Terdakwa menjanjikan barang berupa sepeda motor kepada anak di bawah umur jika mau melakukan perbuatan cabul.;Pasal 293 KUHP;Maksimal 5 tahun;Tidak ada;mengatur tentang perbuatan cabul terhadap anak di bawah umur dengan cara memberikan atau menjanjikan uang, barang, atau menyalahgunakan keadaan untuk menggerakkan anak agar melakukan atau membiarkan perbuatan cabul.
Pelaku memberikan uang kepada anak di bawah umur agar mau membiarkan dirinya melakukan perbuatan cabul.;Pasal 293 KUHP;Maksimal 5 tahun;Tidak ada;mengatur tentang perbuatan cabul terhadap anak di bawah umur dengan cara memberikan atau menjanjikan uang, barang, atau menyalahgunakan keadaan untuk menggerakkan anak agar melakukan atau membiarkan perbuatan cabul.
Dengan menjanjikan barang elektronik berupa ponsel, pelaku membujuk anak di bawah umur untuk melakukan perbuatan cabul.;Pasal 293 KUHP;Maksimal 5 tahun;Tidak ada;mengatur tentang perbuatan cabul terhadap anak di bawah umur dengan cara memberikan atau menjanjikan uang, barang, atau menyalahgunakan keadaan untuk menggerakkan anak agar melakukan atau membiarkan perbuatan cabul.
Pelaku memberikan uang kepada orang tua anak di bawah umur agar mengizinkan dirinya melakukan perbuatan cabul terhadap anaknya.;Pasal 293 KUHP;Maksimal 5 tahun;Tidak ada;mengatur tentang perbuatan cabul terhadap anak di bawah umur dengan cara memberikan atau menjanjikan uang, barang, atau menyalahgunakan keadaan untuk menggerakkan anak agar melakukan atau membiarkan perbuatan cabul.
Terdakwa menjanjikan uang dalam jumlah besar kepada anak di bawah umur jika mau melakukan hubungan intim dengannya.;Pasal 293 KUHP;Maksimal 5 tahun;Tidak ada;mengatur tentang perbuatan cabul terhadap anak di bawah umur dengan cara memberikan atau menjanjikan uang, barang, atau menyalahgunakan keadaan untuk menggerakkan anak agar melakukan atau membiarkan perbuatan cabul.
Pelaku melakukan perbuatan cabul terhadap anak di bawah umur dengan cara memberikan barang berupa mainan mahal.;Pasal 293 KUHP;Maksimal 5 tahun;Tidak ada;mengatur tentang perbuatan cabul terhadap anak di bawah umur dengan cara memberikan atau menjanjikan uang, barang, atau menyalahgunakan keadaan untuk menggerakkan anak agar melakukan atau membiarkan perbuatan cabul.
Dengan menjanjikan uang saku tambahan setiap minggu,  pelaku membujuk anak di bawah umur untuk melakukan perbuatan cabul.;Pasal 293 KUHP;Maksimal 5 tahun;Tidak ada;mengatur tentang perbuatan cabul terhadap anak di bawah umur dengan cara memberikan atau menjanjikan uang, barang, atau menyalahgunakan keadaan untuk menggerakkan anak agar melakukan atau membiarkan perbuatan cabul.
Pelaku memberikan barang berupa pakaian bermerek kepada anak di bawah umur sebagai imbalan atas perbuatan cabul yang dilakukan.;Pasal 293 KUHP;Maksimal 5 tahun;Tidak ada;mengatur tentang perbuatan cabul terhadap anak di bawah umur dengan cara memberikan atau menjanjikan uang, barang, atau menyalahgunakan keadaan untuk menggerakkan anak agar melakukan atau membiarkan perbuatan cabul.
Pelaku menjanjikan uang untuk biaya sekolah anak di bawah umur jika mau melakukan atau membiarkan perbuatan cabul.;Pasal 293 KUHP;Maksimal 5 tahun;Tidak ada;mengatur tentang perbuatan cabul terhadap anak di bawah umur dengan cara memberikan atau menjanjikan uang, barang, atau menyalahgunakan keadaan untuk menggerakkan anak agar melakukan atau membiarkan perbuatan cabul.
Pelaku membantu mencarikan anak di bawah umur untuk diajak melakukan hal cabul oleh temannya.;Pasal 296 KUHP;Maksimal 1 tahun;Maksimal Rp15.000,00;mengatur tentang keterlibatan dalam perbuatan cabul atau prostitusi.
Terdakwa membantu memegangi korban saat temannya melakukan hal cabul.;Pasal 296 KUHP;Maksimal 1 tahun;Maksimal Rp15.000,00;mengatur tentang keterlibatan dalam perbuatan cabul atau prostitusi.
Pelaku membantu menyiapkan lokasi tersembunyi agar temannya bisa melakukan hal cabul tanpa diketahui.;Pasal 296 KUHP;Maksimal 1 tahun;Maksimal Rp15.000,00;mengatur tentang keterlibatan dalam perbuatan cabul atau prostitusi.
Dengan membantu merayu korban,  pelaku mempermudah temannya untuk melakukan hal cabul.;Pasal 296 KUHP;Maksimal 1 tahun;Maksimal Rp15.000,00;mengatur tentang keterlibatan dalam perbuatan cabul atau prostitusi.
Pelaku membantu mengawasi situasi sekitar saat temannya melakukan hal cabul di tempat umum.;Pasal 296 KUHP;Maksimal 1 tahun;Maksimal Rp15.000,00;mengatur tentang keterlibatan dalam perbuatan cabul atau prostitusi.
Terdakwa membantu membelikan minuman beralkohol untuk memengaruhi korban agar mau melakukan hal cabul dengan temannya.;Pasal 296 KUHP;Maksimal 1 tahun;Maksimal Rp15.000,00;mengatur tentang keterlibatan dalam perbuatan cabul atau prostitusi.
Pelaku membantu merekam aksi temannya saat melakukan hal cabul dengan korban yang tidak berdaya.;Pasal 296 KUHP;Maksimal 1 tahun;Maksimal Rp15.000,00;mengatur tentang keterlibatan dalam perbuatan cabul atau prostitusi.
Dengan membantu menyembunyikan bukti-bukti perbuatan cabul yang dilakukan temannya,  pelaku turut terlibat.;Pasal 296 KUHP;Maksimal 1 tahun;Maksimal Rp15.000,00;mengatur tentang keterlibatan dalam perbuatan cabul atau prostitusi.
Pelaku membantu mengantar korban ke tempat temannya agar bisa melakukan hal cabul.;Pasal 296 KUHP;Maksimal 1 tahun;Maksimal Rp15.000,00;mengatur tentang keterlibatan dalam perbuatan cabul atau prostitusi.
Terdakwa membantu memberikan informasi pribadi korban kepada temannya yang berniat melakukan hal cabul.;Pasal 296 KUHP;Maksimal 1 tahun;Maksimal Rp15.000,00;mengatur tentang keterlibatan dalam perbuatan cabul atau prostitusi.
